x,y
947.1,108.5
824.7,111.6
874.6,109.1
745.9,110.9
985.9,112.5
671.8,111.7
709.0,109.3
1156.7,112.5
602.0,114.9
785.2,113.5
908.0,118.1
331.6,121.6
637.4,116.9
565.5,120.1
367.9,123.5
1111.0,118.5
444.0,120.0
489.9,118.8
405.1,122.9
1024.8,121.9
1061.9,123.3
528.3,121.2
257.2,123.8
850.9,136.4
293.4,139.4
694.3,141.8
204.2,144.1
1204.8,145.3
956.3,143.0
769.8,148.5
658.2,145.7
993.7,150.7
731.8,147.6
601.1,149.8
814.8,157.0
920.7,158.9
498.3,156.4
1029.0,159.1
1163.7,155.2
457.8,158.1
567.6,157.9
1106.9,157.5
166.7,161.9
532.1,156.5
629.6,163.5
885.1,160.1
388.2,163.9
1067.2,164.2
313.4,169.2
350.4,168.9
121.3,169.1
851.7,173.5
276.5,178.6
704.6,180.2
666.6,181.3
958.7,178.5
742.1,183.6
204.0,186.8
241.9,188.7
596.5,184.8
1130.8,187.6
1003.5,193.9
781.1,188.9
487.7,192.3
1170.9,193.5
445.9,196.2
1049.4,197.4
532.0,195.4
817.9,202.2
388.0,202.9
632.5,204.1
1093.2,208.6
892.3,207.3
966.9,210.5
852.4,213.0
315.0,211.8
930.4,209.9
680.8,219.1
718.7,217.4
589.3,216.6
753.2,221.2
350.7,227.3
473.7,225.2
274.0,228.2
793.4,230.8
1029.5,229.6
553.3,230.8
1146.9,227.4
428.6,230.7
513.2,232.3
183.9,234.6
913.5,244.1
978.8,244.8
1067.4,241.2
228.4,241.5
641.1,243.5
834.9,246.9
875.2,247.1
388.3,246.7
311.0,246.6
1196.1,250.7
1108.8,253.7
728.6,255.1
768.6,261.2
943.2,265.6
1145.4,266.7
616.6,268.5
686.9,261.8
191.8,272.3
267.7,265.5
483.7,273.2
349.7,269.2
575.2,269.8
807.2,275.0
1052.2,273.6
436.7,272.7
1009.3,276.1
229.2,280.1
524.0,275.0
899.5,280.4
305.2,285.5
391.2,284.0
712.3,290.8
1088.0,289.4
974.1,292.4
750.2,294.5
840.5,296.5
1174.5,295.1
269.3,301.0
784.7,304.2
116.5,308.0
1133.6,302.3
418.4,306.7
461.2,305.3
873.8,304.9
570.2,310.5
1031.1,308.2
334.0,309.3
649.8,313.3
929.8,310.9
180.3,316.0
1212.1,315.7
532.0,321.1
690.1,324.4
145.4,330.3
1101.3,325.3
494.4,327.7
969.0,329.2
301.0,334.1
1063.6,329.0
814.3,328.2
730.2,334.1
1150.0,333.8
440.4,337.2
1007.2,337.9
897.4,335.7
857.7,341.3
259.8,340.4
775.4,342.4
400.4,345.8
348.3,348.0
635.7,348.6
937.8,351.3
115.0,352.7
1041.4,357.3
180.6,356.4
598.7,358.0
527.8,358.7
467.4,365.3
697.6,362.7
1120.0,359.9
823.0,359.5
1078.5,361.5
284.1,370.1
322.7,369.1
1165.2,368.4
975.7,369.6
742.2,373.9
902.8,373.9
783.3,376.5
142.2,381.7
1012.4,384.3
855.4,385.9
939.4,393.0
1093.2,392.5
1137.8,391.1
1052.8,398.3
349.3,400.0
536.0,401.0
446.1,402.7
609.8,401.3
266.8,403.8
816.3,403.8
886.3,410.5
570.7,410.4
1185.6,409.2
978.7,412.4
688.7,410.1
735.6,412.1
776.9,413.5
308.2,411.2
1017.3,422.6
921.5,425.5
1101.6,426.3
846.9,429.9
657.1,434.3
1058.8,435.0
1151.1,437.7
954.8,442.0
1223.4,437.8
719.2,443.3
609.1,441.9
523.7,452.6
757.9,449.8
878.5,448.9
812.1,455.3
273.0,456.3
1188.3,452.9
188.7,457.3
1029.0,459.7
914.8,460.5
1116.5,462.6
468.5,466.8
1075.7,468.0
571.2,463.3
986.2,468.2
236.4,469.4
369.9,468.7
1157.0,478.2
845.2,480.9
946.9,482.1
728.7,481.9
108.9,484.6
1200.3,486.6
140.0,484.6
886.5,487.3
771.8,487.1
288.9,488.8
1045.3,492.5
178.9,492.8
1007.0,497.3
594.6,498.2
808.8,494.7
681.2,504.2
499.1,503.0
1094.0,505.0
918.4,505.8
379.9,505.3
457.5,511.7
971.8,512.8
1134.7,513.7
1172.6,518.2
234.1,519.5
774.4,523.3
849.4,525.1
886.1,525.2
1022.2,529.7
286.3,527.6
814.3,529.9
1059.6,532.7
938.1,535.1
1210.2,536.0
733.8,539.4
591.2,537.4
520.4,540.8
416.6,538.3
367.3,544.1
183.4,546.0
478.6,542.4
1088.4,547.1
1127.4,551.8
904.3,553.2
967.5,553.1
245.9,556.7
651.7,555.2
865.4,559.9
785.4,560.7
1004.7,561.9
316.7,562.2
280.4,563.1
705.0,563.5
827.0,564.6
1168.8,563.9
560.9,567.4
1041.8,571.5
392.1,573.9
1208.0,579.1
478.6,573.4
115.3,580.7
596.9,578.9
926.2,578.4
752.3,581.8
217.6,582.5
1077.9,582.7
175.7,583.5
351.5,589.0
528.4,587.0
886.1,591.9
964.6,588.1
638.2,589.9
1135.7,594.3
794.9,595.4
259.5,597.7
425.3,592.7
842.4,597.5
1174.2,599.8
143.3,603.6
1001.6,603.6
316.4,604.5
494.7,605.4
1040.5,607.7
458.1,607.9
571.2,609.6
384.6,610.6
1100.6,614.3
938.4,615.3
666.7,622.8
530.6,623.8
747.5,625.2
243.3,629.8
819.4,627.9
605.2,629.8
862.3,626.3
202.5,634.1
418.9,629.2
347.8,629.0
292.0,633.7
908.5,636.4
1148.2,635.4
1208.0,639.4
957.9,645.2
1000.7,643.7
456.4,647.4
1041.5,645.4
495.9,647.5
1114.6,648.1
720.6,648.4
387.2,649.5
570.4,652.6
1079.5,657.7
877.8,656.9
134.0,654.6
173.0,660.5
683.7,662.5
535.7,659.4
841.2,661.4
329.1,663.9
423.7,664.8
238.8,668.4
921.3,671.6
805.2,667.6
758.1,667.0
612.6,671.5
1164.7,672.4
284.9,678.1
653.4,676.7
363.1,676.7
1017.2,678.1
1219.4,680.3
468.5,683.2
1126.9,683.4
508.3,688.8
119.8,686.7
983.8,685.9
396.0,688.9
582.2,690.0
709.0,694.3
1051.5,689.3
891.3,690.1
951.0,697.5
1089.3,693.1
856.0,695.7
185.0,700.3
544.6,699.4
779.3,700.7
335.4,698.1
221.3,701.0
436.5,701.5
816.5,705.2
261.0,706.3
631.4,706.5
676.6,708.6
301.9,708.1
918.6,714.8
1149.9,714.6
368.3,716.7
472.8,721.2
574.2,724.6
746.3,721.1
1012.9,719.5
976.2,728.9
507.1,728.2
882.2,726.9
1073.3,725.6
1044.9,731.1
843.0,734.7
1113.8,734.6
158.6,737.4
610.8,738.0
335.9,739.7
216.6,735.0
438.5,739.4
537.1,736.3
253.5,741.5
696.2,741.4
393.1,741.6
783.9,743.3
294.2,742.9
654.4,742.7
941.7,744.3
1164.8,753.6
904.2,757.0
1008.1,758.2
558.5,761.5
116.9,759.1
483.2,759.0
751.7,765.6
817.7,764.7
861.2,767.2
1080.9,760.3
364.9,770.1
1210.2,765.3
1128.5,769.4
594.5,772.2
1043.9,772.0
634.9,774.1
322.2,775.7
970.6,773.0
225.2,772.0
409.1,774.8
446.2,776.7
516.7,778.0
688.7,781.3
276.8,777.0
928.9,790.4
788.7,789.9
883.3,792.7
1100.0,793.1
479.6,794.2
838.1,793.7
1004.4,796.5
177.1,800.1
378.0,804.2
1197.2,802.5
1144.2,803.1
546.9,803.9
294.5,808.7
756.4,812.6
213.9,811.3
586.2,811.2
418.6,810.3
1041.7,812.7
966.4,814.9
340.8,812.8
629.7,817.3
127.5,818.3
712.9,815.8
670.9,816.7
511.9,821.8
815.3,817.9
461.1,824.4
857.6,823.0
899.3,823.1
1108.8,828.0
935.7,835.2
1160.7,837.5
1070.7,840.1
1008.6,835.5
391.0,838.3
428.7,844.7
578.1,845.6
545.6,841.8
304.2,846.5
227.8,847.8
649.3,851.0
785.8,848.6
690.2,852.6
612.0,850.5
728.2,850.9
830.5,851.2
1199.1,854.1
877.6,854.7
484.3,852.8
355.1,854.6
973.8,854.1
128.1,860.5
521.2,862.9
1047.3,869.6
1007.9,880.3
555.7,879.3
391.6,878.4
806.1,882.6
1092.5,878.0
322.1,882.2
428.4,882.9
718.0,882.7
758.8,880.1
850.6,883.5
592.3,885.1
626.7,883.2
204.8,886.3
670.6,886.3
947.2,882.5
463.0,885.8
498.6,887.1
358.9,888.3
